RecoveryPointArn,ResourceType,BackupSizeInBytes,Department,Environment
arn:aws:ec2:us-east-1::image/ami-06282fac2529257db,EC2,8589934592,sales,prod
arn:aws:ec2:us-east-1::image/ami-0060f6455f233d44f,EC2,8589934592,sales,prod
arn:aws:ec2:us-east-1::image/ami-007f778626839a615,EC2,8589934592,sales,prod
arn:aws:ec2:us-east-1::image/ami-0ce8ff88d4361bd6d,EC2,8589934592,sales,prod
arn:aws:ec2:us-east-1::image/ami-03252624111dddf4c,EC2,8589934592,sales,prod
arn:aws:ec2:us-east-1::image/ami-06bc9eeb16944e307,EC2,8589934592,sales,prod
arn:aws:ec2:us-east-1::image/ami-00c7672a1c3ceb859,EC2,8589934592,sales,prod
arn:aws:ec2:us-east-1::image/ami-0cbbe98b713b6c368,EC2,8589934592,sales,prod
arn:aws:ec2:us-east-1::image/ami-01f6ce723d4692dd8,EC2,8589934592,sales,prod
arn:aws:ec2:us-east-1::image/ami-0ba2c9d18bfb895fe,EC2,8589934592,sales,prod
arn:aws:ec2:us-east-1::image/ami-00a99406b64a53325,EC2,8589934592,sales,prod
arn:aws:ec2:us-east-1::image/ami-0d73858b86dfc5d0d,EC2,8589934592,sales,prod
arn:aws:ec2:us-east-1::image/ami-08a9412a44d92daf1,EC2,8589934592,sales,prod
arn:aws:ec2:us-east-1::image/ami-0523c3b3fa91c0187,EC2,8589934592,sales,prod
arn:aws:ec2:us-east-1::image/ami-05c2a1b50bf5336c1,EC2,8589934592,sales,prod
arn:aws:ec2:us-east-1::image/ami-086add4fbdaec292b,EC2,8589934592,sales,prod
arn:aws:ec2:us-east-1::image/ami-0c0d40e0b554fdcc1,EC2,8589934592,sales,prod
arn:aws:ec2:us-east-1::image/ami-01d3a37ae1ded1a9a,EC2,8589934592,sales,prod
arn:aws:ec2:us-east-1::image/ami-0d2941138662fc0ef,EC2,8589934592,sales,prod
arn:aws:ec2:us-east-1::image/ami-03241b0dcd5baea2d,EC2,8589934592,sales,prod
arn:aws:ec2:us-east-1::image/ami-00bcdf6b4976d8928,EC2,8589934592,sales,prod
arn:aws:ec2:us-east-1::image/ami-0a21ae123e59fb9b3,EC2,8589934592,sales,prod
arn:aws:ec2:us-east-1::image/ami-0bf86dea929885795,EC2,8589934592,sales,prod
arn:aws:ec2:us-east-1::image/ami-0d8f462913e5c2e41,EC2,8589934592,sales,prod
arn:aws:ec2:us-east-1::image/ami-0792e0bd46d370a3e,EC2,8589934592,sales,prod
arn:aws:ec2:us-east-1::image/ami-07239014757647227,EC2,8589934592,sales,prod
arn:aws:ec2:us-east-1::image/ami-08d89140c0523b026,EC2,8589934592,sales,prod
arn:aws:ec2:us-east-1::image/ami-0b1266c063240ff8c,EC2,8589934592,sales,prod
arn:aws:ec2:us-east-1::image/ami-0316db9390bc1d9dd,EC2,8589934592,sales,prod
arn:aws:ec2:us-east-1::image/ami-02024e45204893cc2,EC2,8589934592,sales,prod
arn:aws:ec2:us-east-1::image/ami-0446942ebca08ecc2,EC2,8589934592,sales,prod
arn:aws:ec2:us-east-1::image/ami-072f9080e39257c07,EC2,8589934592,sales,prod
arn:aws:ec2:us-east-1::image/ami-098e6dbff87e2dd74,EC2,8589934592,sales,prod
arn:aws:ec2:us-east-1::image/ami-0680d882887684824,EC2,8589934592,sales,prod
arn:aws:ec2:us-east-1::image/ami-050fe582a3c9913ca,EC2,8589934592,sales,prod
arn:aws:ec2:us-east-1::image/ami-02dd84278059a508a,EC2,8589934592,sales,prod
arn:aws:ec2:us-east-1::image/ami-04ac84b3a780c79d8,EC2,8589934592,sales,prod
arn:aws:ec2:us-east-1::image/ami-02d397f6676369de3,EC2,8589934592,sales,prod
arn:aws:ec2:us-east-1::image/ami-03570b4d583b10c5e,EC2,8589934592,sales,prod
arn:aws:ec2:us-east-1::image/ami-013302a5df4cec5e6,EC2,8589934592,sales,prod
arn:aws:ec2:us-east-1::image/ami-091d550319e5873ee,EC2,8589934592,sales,prod
arn:aws:ec2:us-east-1::image/ami-01b22b1582d6cb3c3,EC2,8589934592,sales,prod
arn:aws:ec2:us-east-1::image/ami-01d2c43bad460f9d3,EC2,8589934592,sales,prod
arn:aws:ec2:us-east-1::image/ami-062a6009c00c877a1,EC2,8589934592,sales,prod
arn:aws:ec2:us-east-1::image/ami-0ef98eb2875e467af,EC2,8589934592,sales,prod
arn:aws:ec2:us-east-1::image/ami-067d4050e5f4bebe6,EC2,8589934592,sales,prod
arn:aws:ec2:us-east-1::image/ami-0bbd2c5ffa05daa1a,EC2,8589934592,sales,prod
arn:aws:ec2:us-east-1::image/ami-0bf49d7748401ea7b,EC2,8589934592,sales,prod
arn:aws:backup:us-east-1:744878436330:recovery-point:sparcbucket1-20220712212423-696971ec,S3,0,HR,dev
arn:aws:backup:us-east-1:744878436330:recovery-point:sparcbucket1-20220712210837-7dea6b4c,S3,0,HR,staging
arn:aws:ec2:us-east-1::image/ami-07d3a62ab75664eb4,EC2,8589934592,sales,prod
arn:aws:ec2:us-east-1::image/ami-0652d28a12cb5468b,EC2,10737418240,HR,dev
arn:aws:ec2:us-east-1::image/ami-0c1fd16a5edc7bf01,EC2,8589934592,marketing,staging
arn:aws:ec2:us-east-1::image/ami-0489e344ae650a747,EC2,10737418240,HR,dev
arn:aws:ec2:us-east-1::image/ami-03d45be0dff65c250,EC2,8589934592,marketing,staging
arn:aws:ec2:us-east-1::image/ami-0df751abc399562f7,EC2,8589934592,sales,prod
arn:aws:ec2:us-east-1::image/ami-0d90a3c6b43e5f03f,EC2,8589934592,sales,prod
arn:aws:ec2:us-east-1::image/ami-016a7cf634ed81e90,EC2,8589934592,sales,prod
arn:aws:ec2:us-east-1::image/ami-0d665e1ac30db2216,EC2,8589934592,sales,prod
arn:aws:ec2:us-east-1::image/ami-0451f696ca858abc4,EC2,8589934592,marketing,staging
arn:aws:ec2:us-east-1::image/ami-00d30675c3e475e93,EC2,8589934592,sales,prod
arn:aws:backup:us-east-1:744878436330:recovery-point:sparcbucket1-20220712180601-b8bcefa0,S3,0,HR,staging
arn:aws:ec2:us-east-1::image/ami-042d28ed3505add7f,EC2,8589934592,sales,prod
arn:aws:ec2:us-east-1::image/ami-082f1f9ee04303aea,EC2,8589934592,marketing,staging
arn:aws:ec2:us-east-1::image/ami-09b2498100d680726,EC2,8589934592,sales,prod
arn:aws:ec2:us-east-1::image/ami-0c879b95bf333af09,EC2,8589934592,sales,prod
arn:aws:ec2:us-east-1::image/ami-0d102718f9aad3e53,EC2,8589934592,sales,prod
arn:aws:ec2:us-east-1::image/ami-01a78e678a069df47,EC2,8589934592,sales,prod
arn:aws:backup:us-east-1:744878436330:recovery-point:sparcbucket1-20220712150510-191fb2f0,S3,0,HR,staging
arn:aws:backup:us-east-1:744878436330:recovery-point:sparcbucket1-20220712152544-3fb0cc66,S3,0,HR,dev
arn:aws:ec2:us-east-1::image/ami-0f683f32bf55c193d,EC2,8589934592,sales,prod
arn:aws:ec2:us-east-1::image/ami-06160350f555df814,EC2,8589934592,marketing,staging
arn:aws:ec2:us-east-1::image/ami-0b8e55333e1c8686c,EC2,8589934592,sales,prod
arn:aws:ec2:us-east-1::image/ami-00f945c4945a56150,EC2,10737418240,HR,dev
arn:aws:ec2:us-east-1::image/ami-08cc5f30dd4bc0fa1,EC2,10737418240,HR,dev
arn:aws:ec2:us-east-1::image/ami-083b6cdfc86e04023,EC2,8589934592,marketing,staging
arn:aws:ec2:us-east-1::image/ami-06751247f4689e9ee,EC2,8589934592,sales,prod
arn:aws:ec2:us-east-1::image/ami-0978e63ce57c9a280,EC2,8589934592,sales,prod
arn:aws:ec2:us-east-1::image/ami-0b417ccb7def8516a,EC2,8589934592,sales,prod
arn:aws:ec2:us-east-1::image/ami-0757876eaf05385d8,EC2,8589934592,sales,prod
arn:aws:ec2:us-east-1::image/ami-0ce109b37909efe8f,EC2,8589934592,marketing,staging
arn:aws:ec2:us-east-1::image/ami-0303fa7bb85fd2cd3,EC2,8589934592,marketing,staging
arn:aws:ec2:us-east-1::image/ami-0fa8aaf47d1b282ba,EC2,8589934592,sales,prod
arn:aws:backup:us-east-1:744878436330:recovery-point:sparcbucket1-20220712121234-90e32e81,S3,0,HR,staging
arn:aws:ec2:us-east-1::image/ami-047d16fda66dc39eb,EC2,8589934592,sales,prod
arn:aws:ec2:us-east-1::image/ami-05cc377fcde0929b0,EC2,8589934592,sales,prod
arn:aws:ec2:us-east-1::image/ami-0d47331115632b51a,EC2,8589934592,sales,prod
arn:aws:ec2:us-east-1::image/ami-0b8636a943e3e601e,EC2,8589934592,sales,prod
arn:aws:ec2:us-east-1::image/ami-05c2324d0cc4c7763,EC2,8589934592,sales,prod
arn:aws:ec2:us-east-1::image/ami-08473081924249922,EC2,8589934592,sales,prod
arn:aws:ec2:us-east-1::image/ami-097e5d7dfb86380c3,EC2,10737418240,HR,dev
arn:aws:backup:us-east-1:744878436330:recovery-point:sparcbucket1-20220712090508-d8ada918,S3,0,HR,staging
arn:aws:ec2:us-east-1::image/ami-0dbf9862d470ea25f,EC2,8589934592,sales,prod
arn:aws:ec2:us-east-1::image/ami-0232514c99c59e96d,EC2,10737418240,HR,dev
arn:aws:ec2:us-east-1::image/ami-06be16d9da6fef24c,EC2,8589934592,marketing,staging
arn:aws:backup:us-east-1:744878436330:recovery-point:sparcbucket1-20220712093113-f6934d0a,S3,0,HR,dev
arn:aws:ec2:us-east-1::image/ami-06bbd1c04e5134e7e,EC2,8589934592,marketing,staging
arn:aws:ec2:us-east-1::image/ami-03decfc8a620968dc,EC2,8589934592,sales,prod
arn:aws:ec2:us-east-1::image/ami-09429eb5821a367f5,EC2,8589934592,sales,prod
arn:aws:backup:us-east-1:744878436330:recovery-point:sparcbucket1-20220712060624-0b8fa615,S3,0,HR,staging
arn:aws:ec2:us-east-1::image/ami-0df3c4bd84a4b8369,EC2,8589934592,marketing,staging
arn:aws:ec2:us-east-1::image/ami-039ff70eab4d2a974,EC2,8589934592,marketing,staging
arn:aws:backup:us-east-1:744878436330:recovery-point:sparcbucket1-20220712030648-700258f9,S3,0,HR,staging
arn:aws:ec2:us-east-1::image/ami-00e4009f1d6049f5b,EC2,10737418240,HR,dev
arn:aws:ec2:us-east-1::image/ami-07b07f26a43ff6445,EC2,8589934592,marketing,staging
arn:aws:ec2:us-east-1::image/ami-08a26127ac928b42a,EC2,10737418240,HR,dev
arn:aws:ec2:us-east-1::image/ami-0a983abe617f18d1f,EC2,8589934592,marketing,staging
arn:aws:backup:us-east-1:744878436330:recovery-point:sparcbucket1-20220712033138-05f257ee,S3,0,HR,dev
arn:aws:ec2:us-east-1::image/ami-073c9c4426fd9af1a,EC2,8589934592,sales,prod
arn:aws:ec2:us-east-1::image/ami-01cb1f0c2d6f56c89,EC2,8589934592,sales,prod
arn:aws:ec2:us-east-1::image/ami-0012672414571f336,EC2,8589934592,sales,prod
arn:aws:ec2:us-east-1::image/ami-0da0ada457defe103,EC2,8589934592,sales,prod
arn:aws:ec2:us-east-1::image/ami-0b5c96650436961ad,EC2,8589934592,sales,prod
arn:aws:backup:us-east-1:744878436330:recovery-point:sparcbucket1-20220712001124-3bc0cc15,S3,0,HR,staging
arn:aws:ec2:us-east-1::image/ami-0c4b12e57039e8644,EC2,8589934592,marketing,staging
arn:aws:ec2:us-east-1::image/ami-089963534ec859ba7,EC2,8589934592,sales,prod
arn:aws:ec2:us-east-1::image/ami-0a900602ed4998435,EC2,8589934592,marketing,staging
arn:aws:ec2:us-east-1::image/ami-023a27a9588cda438,EC2,8589934592,sales,prod
arn:aws:ec2:us-east-1::image/ami-0592cb0e1430bd3f6,EC2,8589934592,sales,prod
arn:aws:ec2:us-east-1::image/ami-0d88b2cd241f24d04,EC2,8589934592,sales,prod
arn:aws:ec2:us-east-1::image/ami-0c084012e63e3d3ef,EC2,8589934592,sales,prod
arn:aws:ec2:us-east-1::image/ami-075eef4d37a46fcaf,EC2,10737418240,HR,dev
arn:aws:ec2:us-east-1::image/ami-0d3e3b73cc73cdff6,EC2,10737418240,HR,dev
arn:aws:ec2:us-east-1::image/ami-061c7ede258c023d7,EC2,8589934592,sales,prod
arn:aws:backup:us-east-1:744878436330:recovery-point:sparcbucket1-20220711211101-6fb428d3,S3,0,HR,staging
arn:aws:ec2:us-east-1::image/ami-0b87c1667f17213da,EC2,8589934592,marketing,staging
arn:aws:ec2:us-east-1::image/ami-033d0b3fc39284dcc,EC2,8589934592,sales,prod
arn:aws:backup:us-east-1:744878436330:recovery-point:sparcbucket1-20220711213130-799674dc,S3,0,HR,dev
arn:aws:ec2:us-east-1::image/ami-085aecd2598d75297,EC2,8589934592,marketing,staging
arn:aws:ec2:us-east-1::image/ami-09d42251fe6cac585,EC2,8589934592,sales,prod
arn:aws:ec2:us-east-1::image/ami-09f2d9c89b42be41d,EC2,8589934592,sales,prod
arn:aws:ec2:us-east-1::image/ami-07dd462a7d8b0ec12,EC2,8589934592,sales,prod
arn:aws:ec2:us-east-1::image/ami-0eb416061e5e90eb1,EC2,8589934592,sales,prod
arn:aws:ec2:us-east-1::image/ami-000345a6091111c9c,EC2,8589934592,sales,prod
arn:aws:backup:us-east-1:744878436330:recovery-point:sparcbucket1-20220711180759-f8e5843c,S3,0,HR,staging
arn:aws:ec2:us-east-1::image/ami-05c694f0c5faaef09,EC2,8589934592,marketing,staging
arn:aws:ec2:us-east-1::image/ami-03e8d250b0082f8e5,EC2,8589934592,marketing,staging
arn:aws:ec2:us-east-1::image/ami-07f49e69afb3a8a37,EC2,8589934592,sales,prod
arn:aws:ec2:us-east-1::image/ami-05dbf28b5096c05d4,EC2,8589934592,sales,prod
arn:aws:ec2:us-east-1::image/ami-01df225a15055de4e,EC2,8589934592,sales,prod
arn:aws:ec2:us-east-1::image/ami-0ecf42165d4586ead,EC2,8589934592,sales,prod
arn:aws:ec2:us-east-1::image/ami-077db6edb1dff8e26,EC2,8589934592,sales,prod
arn:aws:backup:us-east-1:744878436330:recovery-point:sparcbucket1-20220711152438-c90e139d,S3,0,HR,dev
arn:aws:ec2:us-east-1::image/ami-04c8fead1c7d86c28,EC2,8589934592,marketing,staging
arn:aws:ec2:us-east-1::image/ami-0e8707691b7e91a7d,EC2,10737418240,HR,dev
arn:aws:backup:us-east-1:744878436330:recovery-point:sparcbucket1-20220711150544-6c168c6d,S3,0,HR,staging
arn:aws:ec2:us-east-1::image/ami-08581dcc95610db54,EC2,10737418240,HR,dev
arn:aws:ec2:us-east-1::image/ami-010beec53c6ab6b83,EC2,8589934592,marketing,staging
arn:aws:ec2:us-east-1::image/ami-0a719f6507ebd1da3,EC2,8589934592,sales,prod
arn:aws:ec2:us-east-1::image/ami-0e84dffb12a81aa07,EC2,8589934592,sales,prod
arn:aws:ec2:us-east-1::image/ami-058e97dbc1853699e,EC2,8589934592,sales,prod
arn:aws:ec2:us-east-1::image/ami-0803220057fff9ec9,EC2,8589934592,sales,prod
arn:aws:ec2:us-east-1::image/ami-031dd69287f76a9d9,EC2,8589934592,sales,prod
arn:aws:ec2:us-east-1::image/ami-0edc091037394ce2c,EC2,8589934592,sales,prod
arn:aws:backup:us-east-1:744878436330:recovery-point:sparcbucket1-20220711121051-2ce0c7f1,S3,0,HR,staging
arn:aws:ec2:us-east-1::image/ami-0c7be0db25cab0592,EC2,8589934592,marketing,staging
arn:aws:ec2:us-east-1::image/ami-08b495082791735c0,EC2,8589934592,sales,prod
arn:aws:ec2:us-east-1::image/ami-0107e6c8987da5614,EC2,8589934592,sales,prod
arn:aws:ec2:us-east-1::image/ami-07b2526cc785f0b79,EC2,8589934592,marketing,staging
arn:aws:ec2:us-east-1::image/ami-0bcdeb32ea822a397,EC2,8589934592,sales,prod
arn:aws:ec2:us-east-1::image/ami-0064c5f6b6d066b66,EC2,8589934592,sales,prod
arn:aws:ec2:us-east-1::image/ami-05b5b16fb6618dead,EC2,8589934592,sales,prod
arn:aws:ec2:us-east-1::image/ami-05b9f7ed15c0af01e,EC2,8589934592,sales,prod
arn:aws:ec2:us-east-1::image/ami-063628b697ffe3bdf,EC2,10737418240,HR,dev
arn:aws:backup:us-east-1:744878436330:recovery-point:sparcbucket1-20220711090659-52b459cc,S3,0,HR,staging
arn:aws:ec2:us-east-1::image/ami-0bedfda22bc589b04,EC2,10737418240,HR,dev
arn:aws:ec2:us-east-1::image/ami-0a4e8832d72bf640d,EC2,8589934592,sales,prod
arn:aws:ec2:us-east-1::image/ami-0b6b1a6eca0607f36,EC2,8589934592,sales,prod
arn:aws:backup:us-east-1:744878436330:recovery-point:sparcbucket1-20220711093017-ec99c1e4,S3,0,HR,dev
arn:aws:ec2:us-east-1::image/ami-05be94a6df99eaf47,EC2,8589934592,marketing,staging
arn:aws:ec2:us-east-1::image/ami-06281d9339642b21c,EC2,8589934592,marketing,staging
arn:aws:ec2:us-east-1::image/ami-041d910a798fbba58,EC2,8589934592,sales,prod
arn:aws:ec2:us-east-1::image/ami-0edb5f653ea3ee8b6,EC2,8589934592,sales,prod
arn:aws:backup:us-east-1:744878436330:recovery-point:sparcbucket1-20220711060434-705bd59c,S3,0,HR,staging
arn:aws:ec2:us-east-1::image/ami-05f16dc0da4638a89,EC2,8589934592,marketing,staging
arn:aws:ec2:us-east-1::image/ami-09a581e1823897323,EC2,8589934592,marketing,staging
arn:aws:ec2:us-east-1::image/ami-0434cdc9980666140,EC2,10737418240,HR,dev
arn:aws:ec2:us-east-1::image/ami-00c6302ef9a181312,EC2,8589934592,marketing,staging
arn:aws:backup:us-east-1:744878436330:recovery-point:sparcbucket1-20220711033207-c1cfca3e,S3,0,HR,dev
arn:aws:ec2:us-east-1::image/ami-0f38471d259fd8ced,EC2,10737418240,HR,dev
arn:aws:backup:us-east-1:744878436330:recovery-point:sparcbucket1-20220711030537-f4ead368,S3,0,HR,staging
arn:aws:ec2:us-east-1::image/ami-033d5d362425788a2,EC2,8589934592,marketing,staging
arn:aws:ec2:us-east-1::image/ami-050adbfc1751269b0,EC2,8589934592,sales,prod
arn:aws:ec2:us-east-1::image/ami-04cff580451227eb1,EC2,8589934592,sales,prod
arn:aws:ec2:us-east-1::image/ami-04da0982f0aa290b9,EC2,8589934592,sales,prod
arn:aws:ec2:us-east-1::image/ami-0dc1f17d3abdc49b2,EC2,8589934592,sales,prod
arn:aws:ec2:us-east-1::image/ami-0ae94a3da5ad3df78,EC2,8589934592,sales,prod
arn:aws:ec2:us-east-1::image/ami-02f08832af6fbb2c1,EC2,8589934592,marketing,staging
arn:aws:ec2:us-east-1::image/ami-08b5b64f24ca19447,EC2,8589934592,sales,prod
arn:aws:backup:us-east-1:744878436330:recovery-point:sparcbucket1-20220711001119-feee64d7,S3,0,HR,staging
arn:aws:ec2:us-east-1::image/ami-03b0512b04ae398b9,EC2,8589934592,marketing,staging
arn:aws:ec2:us-east-1::image/ami-03ab40b4ef25ef895,EC2,8589934592,sales,prod
arn:aws:ec2:us-east-1::image/ami-0ba4d8ee04e3544f8,EC2,8589934592,sales,prod
arn:aws:ec2:us-east-1::image/ami-0e4a431e369536301,EC2,8589934592,sales,prod
arn:aws:ec2:us-east-1::image/ami-03a31e14ad7e6e8fc,EC2,8589934592,sales,prod
arn:aws:ec2:us-east-1::image/ami-0db5d4d493144bd10,EC2,10737418240,HR,dev
arn:aws:ec2:us-east-1::image/ami-05c1563ac5e56fd39,EC2,8589934592,marketing,staging
arn:aws:ec2:us-east-1::image/ami-03d0672f6f4173777,EC2,8589934592,marketing,staging
arn:aws:ec2:us-east-1::image/ami-0d83a33e0d317569b,EC2,8589934592,sales,prod
arn:aws:backup:us-east-1:744878436330:recovery-point:sparcbucket1-20220710210747-220f6726,S3,0,HR,staging
arn:aws:ec2:us-east-1::image/ami-0e301e7a7de6d908b,EC2,10737418240,HR,dev
arn:aws:ec2:us-east-1::image/ami-0e19dc3d5ec4a67be,EC2,8589934592,sales,prod
arn:aws:backup:us-east-1:744878436330:recovery-point:sparcbucket1-20220710213302-254ca667,S3,0,HR,dev
arn:aws:ec2:us-east-1::image/ami-0b5bc72b1ec19eadb,EC2,8589934592,sales,prod
arn:aws:ec2:us-east-1::image/ami-0bb30411d7dc6ad11,EC2,8589934592,sales,prod
arn:aws:ec2:us-east-1::image/ami-038a830f99fe2a204,EC2,8589934592,sales,prod
arn:aws:ec2:us-east-1::image/ami-08af5ba059a60b307,EC2,8589934592,sales,prod
arn:aws:ec2:us-east-1::image/ami-0ffdadd9900a656bb,EC2,8589934592,marketing,staging
arn:aws:ec2:us-east-1::image/ami-0d4e74f59f31f37c3,EC2,8589934592,sales,prod
arn:aws:backup:us-east-1:744878436330:recovery-point:sparcbucket1-20220710180751-8b6bf9f3,S3,0,HR,staging
arn:aws:ec2:us-east-1::image/ami-0101bde695942ffe7,EC2,8589934592,marketing,staging
arn:aws:ec2:us-east-1::image/ami-054df0fdec7e190c5,EC2,8589934592,sales,prod
arn:aws:ec2:us-east-1::image/ami-0f7eb957bba42b58c,EC2,8589934592,sales,prod
arn:aws:ec2:us-east-1::image/ami-02dd5d8ba87d8de9f,EC2,8589934592,sales,prod
arn:aws:ec2:us-east-1::image/ami-096c86ef65a8c7dfd,EC2,8589934592,sales,prod
arn:aws:ec2:us-east-1::image/ami-0e9e62264b3b987ad,EC2,8589934592,sales,prod
arn:aws:backup:us-east-1:744878436330:recovery-point:sparcbucket1-20220710152528-1000e942,S3,0,HR,dev
arn:aws:ec2:us-east-1::image/ami-0e5fa916291c2039c,EC2,8589934592,marketing,staging
arn:aws:ec2:us-east-1::image/ami-0c384ee609f2b4968,EC2,10737418240,HR,dev
arn:aws:backup:us-east-1:744878436330:recovery-point:sparcbucket1-20220710150431-df9a56bb,S3,0,HR,staging
arn:aws:ec2:us-east-1::image/ami-06cf19c133ade25b6,EC2,8589934592,marketing,staging
arn:aws:ec2:us-east-1::image/ami-0b6cbf3658c468eb8,EC2,8589934592,sales,prod
arn:aws:ec2:us-east-1::image/ami-065f4aeaa439041b8,EC2,10737418240,HR,dev
arn:aws:ec2:us-east-1::image/ami-002fb67cb38984864,EC2,8589934592,sales,prod
arn:aws:ec2:us-east-1::image/ami-03c764afb881e852c,EC2,8589934592,sales,prod
arn:aws:ec2:us-east-1::image/ami-08fbece1231761526,EC2,8589934592,sales,prod
arn:aws:ec2:us-east-1::image/ami-02f698de740dbddfe,EC2,8589934592,sales,prod
arn:aws:ec2:us-east-1::image/ami-03ea21f025a0652d8,EC2,8589934592,sales,prod
arn:aws:ec2:us-east-1::image/ami-0d88ac4ee66da9af0,EC2,8589934592,sales,prod
arn:aws:ec2:us-east-1::image/ami-027723c67d009caa8,EC2,8589934592,sales,prod
arn:aws:ec2:us-east-1::image/ami-0b32df84c70548bb3,EC2,8589934592,marketing,staging
arn:aws:ec2:us-east-1::image/ami-06894bba30ebbecba,EC2,8589934592,marketing,staging
arn:aws:backup:us-east-1:744878436330:recovery-point:sparcbucket1-20220710121108-3aa307be,S3,0,HR,staging
arn:aws:ec2:us-east-1::image/ami-0d892af49b7ff6c95,EC2,8589934592,sales,prod
arn:aws:ec2:us-east-1::image/ami-0347a414c411bd5a7,EC2,8589934592,sales,prod
arn:aws:ec2:us-east-1::image/ami-03f4e26e2ee755837,EC2,8589934592,sales,prod
arn:aws:ec2:us-east-1::image/ami-0757cb6ad0d124ce4,EC2,8589934592,sales,prod
arn:aws:ec2:us-east-1::image/ami-03c4a992398f44f0f,EC2,8589934592,sales,prod
arn:aws:ec2:us-east-1::image/ami-0a64c265cb5d932b1,EC2,8589934592,sales,prod
arn:aws:backup:us-east-1:744878436330:recovery-point:sparcbucket1-20220710090801-dfd85de5,S3,0,HR,staging
arn:aws:backup:us-east-1:744878436330:recovery-point:sparcbucket1-20220710092650-bd71c32f,S3,0,HR,dev
arn:aws:ec2:us-east-1::image/ami-0581232c34243356a,EC2,10737418240,HR,dev
arn:aws:ec2:us-east-1::image/ami-0772ba49a01723d25,EC2,10737418240,HR,dev
arn:aws:ec2:us-east-1::image/ami-063789d886ef1c9bb,EC2,8589934592,marketing,staging
arn:aws:ec2:us-east-1::image/ami-0094eccb69ec2919e,EC2,8589934592,marketing,staging
arn:aws:ec2:us-east-1::image/ami-0aaf94087323e9908,EC2,8589934592,sales,prod
arn:aws:ec2:us-east-1::image/ami-0114986438274c834,EC2,8589934592,sales,prod
arn:aws:backup:us-east-1:744878436330:recovery-point:sparcbucket1-20220710060951-6ee5f8bc,S3,0,HR,staging
arn:aws:ec2:us-east-1::image/ami-0ef4c48bf5d3363c1,EC2,8589934592,marketing,staging
arn:aws:ec2:us-east-1::image/ami-09e7de6d4f7717ad7,EC2,8589934592,marketing,staging
arn:aws:ec2:us-east-1::image/ami-0b1a79e986df088a6,EC2,8589934592,marketing,staging
arn:aws:ec2:us-east-1::image/ami-046236231eb82b227,EC2,8589934592,marketing,staging
arn:aws:ec2:us-east-1::image/ami-01f1c617ea0191d59,EC2,10737418240,HR,dev
arn:aws:ec2:us-east-1::image/ami-037432221137a166a,EC2,10737418240,HR,dev
arn:aws:backup:us-east-1:744878436330:recovery-point:sparcbucket1-20220710030634-ba0b5ab3,S3,0,HR,staging
arn:aws:backup:us-east-1:744878436330:recovery-point:sparcbucket1-20220710032432-c6bdd6b0,S3,0,HR,dev
arn:aws:ec2:us-east-1::image/ami-06f51774529871b47,EC2,8589934592,sales,prod
arn:aws:ec2:us-east-1::image/ami-0296774ddce383839,EC2,8589934592,sales,prod
arn:aws:ec2:us-east-1::image/ami-0ae5e18b7cdc80c05,EC2,8589934592,sales,prod
arn:aws:ec2:us-east-1::image/ami-0bcf8b98da4c8456a,EC2,8589934592,sales,prod
arn:aws:backup:us-east-1:744878436330:recovery-point:sparcbucket1-20220710000529-91bbbbc2,S3,0,HR,staging
arn:aws:ec2:us-east-1::image/ami-0e4ddc7e0d5f015fa,EC2,8589934592,sales,prod
arn:aws:ec2:us-east-1::image/ami-0e5976b5a5639623a,EC2,8589934592,marketing,staging
arn:aws:ec2:us-east-1::image/ami-006376d3285ff2168,EC2,8589934592,marketing,staging
arn:aws:ec2:us-east-1::image/ami-04c043a26541e3e30,EC2,8589934592,sales,prod
arn:aws:ec2:us-east-1::image/ami-0d2cdc1caab8f717a,EC2,8589934592,sales,prod
arn:aws:ec2:us-east-1::image/ami-0d9693e56a728e5de,EC2,8589934592,sales,prod
arn:aws:ec2:us-east-1::image/ami-0fbc11d38947fe657,EC2,8589934592,sales,prod
arn:aws:ec2:us-east-1::image/ami-07ba53cb5fffc9e8f,EC2,8589934592,sales,prod
arn:aws:ec2:us-east-1::image/ami-0c8ad672ae7c05abc,EC2,8589934592,marketing,staging
arn:aws:ec2:us-east-1::image/ami-02d0551a61ffd4610,EC2,10737418240,HR,dev
arn:aws:backup:us-east-1:744878436330:recovery-point:sparcbucket1-20220709213412-4cdab9e9,S3,0,HR,dev
arn:aws:ec2:us-east-1::image/ami-021eea1ae830d4db4,EC2,10737418240,HR,dev
arn:aws:ec2:us-east-1::image/ami-0d5d48fdf6bf7bcb3,EC2,8589934592,sales,prod
arn:aws:ec2:us-east-1::image/ami-0cbb6a4ee224f6bf3,EC2,8589934592,marketing,staging
arn:aws:backup:us-east-1:744878436330:recovery-point:sparcbucket1-20220709211150-b87f6220,S3,0,HR,staging
arn:aws:ec2:us-east-1::image/ami-0080d0d792c82ef2c,EC2,8589934592,sales,prod
arn:aws:ec2:us-east-1::image/ami-098d9b329b2ae255e,EC2,8589934592,sales,prod
arn:aws:ec2:us-east-1::image/ami-0f320f7ce30279ad6,EC2,8589934592,sales,prod
arn:aws:ec2:us-east-1::image/ami-0aaa348d8e003d102,EC2,8589934592,sales,prod
arn:aws:ec2:us-east-1::image/ami-00fb5761f8ff74e13,EC2,8589934592,sales,prod
arn:aws:ec2:us-east-1::image/ami-0d63aa5c18e01cb19,EC2,8589934592,marketing,staging
arn:aws:ec2:us-east-1::image/ami-091dc304a405ef098,EC2,8589934592,sales,prod
arn:aws:ec2:us-east-1::image/ami-01efb94776c1349cb,EC2,8589934592,sales,prod
arn:aws:backup:us-east-1:744878436330:recovery-point:sparcbucket1-20220709180839-94e729b8,S3,0,HR,staging
arn:aws:ec2:us-east-1::image/ami-07a6776721a23887d,EC2,8589934592,marketing,staging
arn:aws:ec2:us-east-1::image/ami-0d4dc164807ea0b8c,EC2,8589934592,sales,prod
arn:aws:ec2:us-east-1::image/ami-0c649f54455bff9ee,EC2,8589934592,sales,prod
arn:aws:ec2:us-east-1::image/ami-052f0dbc41562ee4c,EC2,8589934592,sales,prod
arn:aws:ec2:us-east-1::image/ami-0e6fdb2a4ea5620cc,EC2,8589934592,sales,prod
arn:aws:backup:us-east-1:744878436330:recovery-point:sparcbucket1-20220709150509-fadd3b50,S3,0,HR,staging
arn:aws:ec2:us-east-1::image/ami-0b04557aa495b1c95,EC2,10737418240,HR,dev
arn:aws:ec2:us-east-1::image/ami-0961e52e795c74b6e,EC2,8589934592,sales,prod
arn:aws:ec2:us-east-1::image/ami-007e27a3b4cdba4dd,EC2,8589934592,marketing,staging
arn:aws:backup:us-east-1:744878436330:recovery-point:sparcbucket1-20220709153030-ecf38ac7,S3,0,HR,dev
arn:aws:ec2:us-east-1::image/ami-01384f0f9e3a957aa,EC2,10737418240,HR,dev
arn:aws:ec2:us-east-1::image/ami-0dd58ef3eba9d4bbc,EC2,8589934592,sales,prod
arn:aws:ec2:us-east-1::image/ami-0381f343e110d57b9,EC2,8589934592,marketing,staging
arn:aws:ec2:us-east-1::image/ami-0547c6bb64ee192f7,EC2,8589934592,sales,prod
arn:aws:ec2:us-east-1::image/ami-02b1456ff2930b0e8,EC2,8589934592,sales,prod
arn:aws:ec2:us-east-1::image/ami-02bf32b49f28485fe,EC2,8589934592,sales,prod
arn:aws:ec2:us-east-1::image/ami-0bfee1e04752384e3,EC2,8589934592,sales,prod
arn:aws:ec2:us-east-1::image/ami-0de3b390d4e39188c,EC2,8589934592,marketing,staging
arn:aws:ec2:us-east-1::image/ami-0642c95deea388deb,EC2,8589934592,marketing,staging
arn:aws:backup:us-east-1:744878436330:recovery-point:sparcbucket1-20220709120529-fdbadee1,S3,0,HR,staging
arn:aws:ec2:us-east-1::image/ami-0d26fd69de6082e67,EC2,8589934592,sales,prod
arn:aws:ec2:us-east-1::image/ami-011bf51444c6fc977,EC2,8589934592,sales,prod
arn:aws:ec2:us-east-1::image/ami-0cc55847d11aeecf8,EC2,8589934592,sales,prod
arn:aws:ec2:us-east-1::image/ami-0c26345a5b7de236b,EC2,8589934592,sales,prod
arn:aws:ec2:us-east-1::image/ami-0dff8f16b688ba16c,EC2,8589934592,sales,prod
arn:aws:ec2:us-east-1::image/ami-023a7ca8b75b14fbd,EC2,8589934592,sales,prod
arn:aws:ec2:us-east-1::image/ami-05c5ebfdafd2c817c,EC2,8589934592,marketing,staging
arn:aws:ec2:us-east-1::image/ami-0bae3591036e946bb,EC2,8589934592,marketing,staging
arn:aws:ec2:us-east-1::image/ami-0601fe0e31dafc3b5,EC2,10737418240,HR,dev
arn:aws:backup:us-east-1:744878436330:recovery-point:sparcbucket1-20220709090652-1a7f5e73,S3,0,HR,staging
arn:aws:ec2:us-east-1::image/ami-0c333f35063856f7d,EC2,10737418240,HR,dev
arn:aws:ec2:us-east-1::image/ami-0865801ce4a24b9e9,EC2,8589934592,sales,prod
arn:aws:ec2:us-east-1::image/ami-0e4adc47e31cb4595,EC2,8589934592,sales,prod
arn:aws:backup:us-east-1:744878436330:recovery-point:sparcbucket1-20220709092825-6ad70856,S3,0,HR,dev
arn:aws:ec2:us-east-1::image/ami-0aface1df9639f99c,EC2,8589934592,sales,prod
arn:aws:ec2:us-east-1::image/ami-035aef4f3dc2b2618,EC2,8589934592,sales,prod
arn:aws:backup:us-east-1:744878436330:recovery-point:sparcbucket1-20220709060909-d274ce04,S3,0,HR,staging
arn:aws:ec2:us-east-1::image/ami-0b278ecc5546613b6,EC2,8589934592,marketing,staging
arn:aws:ec2:us-east-1::image/ami-0b740a26b1bbefd2f,EC2,8589934592,marketing,staging
arn:aws:ec2:us-east-1::image/ami-00e0576826222378a,EC2,10737418240,HR,dev
arn:aws:ec2:us-east-1::image/ami-06968f8ac8f99f4be,EC2,10737418240,HR,dev
arn:aws:backup:us-east-1:744878436330:recovery-point:sparcbucket1-20220709031205-b51f9121,S3,0,HR,staging
arn:aws:backup:us-east-1:744878436330:recovery-point:sparcbucket1-20220709033200-7e69dcb9,S3,0,HR,dev
arn:aws:ec2:us-east-1::image/ami-0c78b63ae621a74be,EC2,8589934592,marketing,staging
arn:aws:ec2:us-east-1::image/ami-0cc77178304259993,EC2,8589934592,marketing,staging
arn:aws:ec2:us-east-1::image/ami-07d5fff11968426ed,EC2,8589934592,sales,prod
arn:aws:ec2:us-east-1::image/ami-0625b79df7548eba4,EC2,8589934592,sales,prod
arn:aws:ec2:us-east-1::image/ami-0240568ad65f91458,EC2,8589934592,sales,prod
arn:aws:ec2:us-east-1::image/ami-0cfad84e3406a3497,EC2,8589934592,sales,prod
arn:aws:ec2:us-east-1::image/ami-0cecd82cd57565f9c,EC2,8589934592,marketing,staging
arn:aws:ec2:us-east-1::image/ami-07ef0de1ea6b94e5b,EC2,8589934592,marketing,staging
arn:aws:ec2:us-east-1::image/ami-0ee63638011d55d72,EC2,8589934592,sales,prod
arn:aws:ec2:us-east-1::image/ami-0947c6bc323ed9bb3,EC2,8589934592,sales,prod
arn:aws:backup:us-east-1:744878436330:recovery-point:sparcbucket1-20220709001110-d2efe88e,S3,0,HR,staging
arn:aws:ec2:us-east-1::image/ami-01d138212a065d90c,EC2,8589934592,sales,prod
arn:aws:ec2:us-east-1::image/ami-08826b31083f7938f,EC2,8589934592,sales,prod
arn:aws:ec2:us-east-1::image/ami-044071c2813fd1667,EC2,8589934592,sales,prod
arn:aws:ec2:us-east-1::image/ami-0c8eb8aa1a4786fdc,EC2,8589934592,sales,prod
arn:aws:ec2:us-east-1::image/ami-00a628110a6570ae5,EC2,8589934592,sales,prod
arn:aws:ec2:us-east-1::image/ami-0ad01e3218567740b,EC2,10737418240,HR,dev
arn:aws:ec2:us-east-1::image/ami-08ecd1be5f5f85021,EC2,8589934592,sales,prod
arn:aws:ec2:us-east-1::image/ami-08598904c8d47956f,EC2,8589934592,marketing,staging
arn:aws:backup:us-east-1:744878436330:recovery-point:sparcbucket1-20220708214421-8f5dd850,S3,0,HR,dev
arn:aws:backup:us-east-1:744878436330:recovery-point:sparcbucket1-20220708210422-e039d20c,S3,0,HR,staging
arn:aws:ec2:us-east-1::image/ami-0e9e138b70e638206,EC2,8589934592,marketing,staging
arn:aws:ec2:us-east-1::image/ami-049ad953af7f54907,EC2,10737418240,HR,dev
arn:aws:ec2:us-east-1::image/ami-0d15bafdeb8f3d13e,EC2,8589934592,sales,prod
arn:aws:ec2:us-east-1::image/ami-07720f833895f01c6,EC2,8589934592,sales,prod
arn:aws:ec2:us-east-1::image/ami-0b7396429c7b16b3a,EC2,8589934592,sales,prod
arn:aws:ec2:us-east-1::image/ami-03c917468bd699868,EC2,8589934592,sales,prod
arn:aws:ec2:us-east-1::image/ami-0b81d97d239f5c9ca,EC2,8589934592,sales,prod
arn:aws:ec2:us-east-1::image/ami-0713bd837ad416110,EC2,8589934592,marketing,staging
arn:aws:ec2:us-east-1::image/ami-05bdc988a0850afd1,EC2,8589934592,marketing,staging
arn:aws:ec2:us-east-1::image/ami-054dbb84dab22b9c5,EC2,8589934592,sales,prod
arn:aws:backup:us-east-1:744878436330:recovery-point:sparcbucket1-20220708180642-415dda57,S3,0,HR,staging
arn:aws:ec2:us-east-1::image/ami-0d6b3ecb98375edc8,EC2,8589934592,sales,prod
arn:aws:ec2:us-east-1::image/ami-0174d7fbdd81ae000,EC2,8589934592,sales,prod
arn:aws:ec2:us-east-1::image/ami-048bf351f524af9f5,EC2,8589934592,sales,prod
arn:aws:ec2:us-east-1::image/ami-08d52a13785fa55ae,EC2,8589934592,sales,prod
arn:aws:ec2:us-east-1::image/ami-0a3f4bbeb0ce4b7ea,EC2,8589934592,marketing,staging
arn:aws:ec2:us-east-1::image/ami-0c4ba19077a82f876,EC2,8589934592,sales,prod
arn:aws:backup:us-east-1:744878436330:recovery-point:sparcuserbuc-20220708145743-0cda4ffa,S3,0,sales,dev
arn:aws:backup:us-east-1:744878436330:recovery-point:sparcbucket1-20220708152421-5451a9d3,S3,0,HR,dev
arn:aws:ec2:us-east-1::image/ami-0413eb7150cb2480c,EC2,10737418240,HR,dev
arn:aws:ec2:us-east-1::image/ami-0af2630b8141be033,EC2,8589934592,sales,prod
arn:aws:ec2:us-east-1::image/ami-06b74f5d2f4d65287,EC2,10737418240,HR,dev
arn:aws:backup:us-east-1:744878436330:recovery-point:sparcbucket1-20220708150631-81470217,S3,0,HR,staging
arn:aws:ec2:us-east-1::image/ami-0f457f547d6f18934,EC2,8589934592,marketing,staging
arn:aws:ec2:us-east-1::image/ami-013641a96b972fcbb,EC2,8589934592,sales,prod
arn:aws:backup:us-east-1:744878436330:recovery-point:sparcuserbuc-20220708160834-634200ce,S3,0,sales,dev
arn:aws:ec2:us-east-1::image/ami-0828b4714520e9442,EC2,8589934592,sales,prod
arn:aws:ec2:us-east-1::image/ami-0dca39e7889d42ff6,EC2,8589934592,sales,prod
arn:aws:ec2:us-east-1::image/ami-000bf3f28f023a83d,EC2,8589934592,sales,prod
arn:aws:backup:us-east-1:744878436330:recovery-point:sparcuserbuc-20220708150718-bba7b431,S3,0,sales,dev
arn:aws:ec2:us-east-1::image/ami-03a5c4a3f32f332ef,EC2,8589934592,sales,prod
arn:aws:ec2:us-east-1::image/ami-089c02787a46c9b04,EC2,8589934592,sales,prod
arn:aws:backup:us-east-1:744878436330:recovery-point:sparcbucket1-20220708120601-f355912d,S3,0,HR,staging
arn:aws:ec2:us-east-1::image/ami-062861120a848f4eb,EC2,8589934592,marketing,staging
arn:aws:ec2:us-east-1::image/ami-0051820823e16ea82,EC2,8589934592,marketing,staging
arn:aws:backup:us-east-1:744878436330:recovery-point:sparcuserbuc-20220708140625-32e83c2f,S3,0,sales,dev
arn:aws:ec2:us-east-1::image/ami-0febe9582fe0274f1,EC2,8589934592,sales,prod
arn:aws:ec2:us-east-1::image/ami-06659cab0800d6a9b,EC2,8589934592,sales,prod
arn:aws:backup:us-east-1:744878436330:recovery-point:sparcuserbuc-20220708131125-33b0d877,S3,0,sales,dev
arn:aws:ec2:us-east-1::image/ami-01fdcb8c5269d7762,EC2,8589934592,sales,prod
arn:aws:ec2:us-east-1::image/ami-0ecd0871102350abb,EC2,8589934592,sales,prod
arn:aws:backup:us-east-1:744878436330:recovery-point:sparcuserbuc-20220708121254-d559e7b2,S3,0,sales,dev
arn:aws:ec2:us-east-1::image/ami-0a102c520e0629e66,EC2,8589934592,sales,prod
arn:aws:ec2:us-east-1::image/ami-052488caa02688961,EC2,8589934592,marketing,staging
arn:aws:backup:us-east-1:744878436330:recovery-point:sparcbucket1-20220708092551-a52ce8dd,S3,0,HR,dev
arn:aws:ec2:us-east-1::image/ami-030fd9c68f43e0c4d,EC2,10737418240,HR,dev
arn:aws:ec2:us-east-1::image/ami-04e3bb19e7b96aec8,EC2,8589934592,sales,prod
arn:aws:ec2:us-east-1::image/ami-0ce23fc654a6d26cf,EC2,10737418240,HR,dev
arn:aws:backup:us-east-1:744878436330:recovery-point:sparcuserbuc-20220708085756-56f808ea,S3,0,sales,dev
arn:aws:ec2:us-east-1::image/ami-0ff363530566bc706,EC2,8589934592,marketing,staging
arn:aws:backup:us-east-1:744878436330:recovery-point:sparcbucket1-20220708090828-4f6176f4,S3,0,HR,staging
arn:aws:backup:us-east-1:744878436330:recovery-point:sparcuserbuc-20220708110934-de9ed97d,S3,0,sales,dev
arn:aws:ec2:us-east-1::image/ami-03f7f078569a23cce,EC2,8589934592,sales,prod
arn:aws:ec2:us-east-1::image/ami-060f27d30ae1e0933,EC2,8589934592,sales,prod
arn:aws:backup:us-east-1:744878436330:recovery-point:sparcuserbuc-20220708101149-fe7cebba,S3,0,sales,dev
arn:aws:ec2:us-east-1::image/ami-0282ac6f9ca959b18,EC2,8589934592,marketing,staging
arn:aws:ec2:us-east-1::image/ami-0350c17b659d179f4,EC2,8589934592,marketing,staging
arn:aws:backup:us-east-1:744878436330:recovery-point:sparcbucket1-20220708061037-403c7e22,S3,0,HR,staging
arn:aws:ec2:us-east-1::image/ami-031c8ca6986a45d09,EC2,8589934592,marketing,staging
arn:aws:backup:us-east-1:744878436330:recovery-point:sparcuserbuc-20220708025744-9f2be577,S3,0,sales,dev
arn:aws:backup:us-east-1:744878436330:recovery-point:sparcbucket1-20220708032721-908ab922,S3,0,HR,dev
arn:aws:ec2:us-east-1::image/ami-0f84fe39864ad5411,EC2,10737418240,HR,dev
arn:aws:ec2:us-east-1::image/ami-09f1fdeb75d49a8da,EC2,8589934592,marketing,staging
arn:aws:ec2:us-east-1::image/ami-0500aec2e7ee16ee2,EC2,10737418240,HR,dev
arn:aws:backup:us-east-1:744878436330:recovery-point:sparcbucket1-20220708031020-426e21c3,S3,0,HR,staging
arn:aws:ec2:us-east-1::image/ami-0907ac4b7f05a4e8f,EC2,8589934592,sales,prod
arn:aws:ec2:us-east-1::image/ami-0b942d6e0c49f549a,EC2,8589934592,sales,prod
arn:aws:backup:us-east-1:744878436330:recovery-point:sparcuserbuc-20220708040659-81c3318e,S3,0,sales,dev
arn:aws:ec2:us-east-1::image/ami-07adf1517a3d95eb4,EC2,8589934592,sales,prod
arn:aws:backup:us-east-1:744878436330:recovery-point:sparcuserbuc-20220708032028-66617f19,S3,0,sales,dev
arn:aws:ec2:us-east-1::image/ami-0230dc0824df4c713,EC2,8589934592,sales,prod
arn:aws:ec2:us-east-1::image/ami-0da6c961a5b066f3e,EC2,8589934592,sales,prod
arn:aws:ec2:us-east-1::image/ami-0a25444cc7d1757e5,EC2,8589934592,marketing,staging
arn:aws:backup:us-east-1:744878436330:recovery-point:sparcbucket1-20220708000509-9314ca8b,S3,0,HR,staging
arn:aws:ec2:us-east-1::image/ami-02614d8c402404073,EC2,8589934592,sales,prod
arn:aws:ec2:us-east-1::image/ami-0da61d0ed7297f814,EC2,8589934592,marketing,staging
arn:aws:backup:us-east-1:744878436330:recovery-point:sparcuserbuc-20220708020544-c0f95ad5,S3,0,sales,dev
arn:aws:ec2:us-east-1::image/ami-06500aaece7b00011,EC2,8589934592,sales,prod
arn:aws:backup:us-east-1:744878436330:recovery-point:sparcuserbuc-20220708010653-a58e7a4a,S3,0,sales,dev
arn:aws:ec2:us-east-1::image/ami-0fafe49b69490ff1b,EC2,8589934592,sales,prod
arn:aws:ec2:us-east-1::image/ami-0cabe9d690cd81358,EC2,8589934592,sales,prod
arn:aws:ec2:us-east-1::image/ami-0c26ec694387cee69,EC2,8589934592,sales,prod
arn:aws:backup:us-east-1:744878436330:recovery-point:sparcuserbuc-20220708000742-e055ca6b,S3,0,sales,dev
arn:aws:backup:us-east-1:744878436330:recovery-point:sparcuserbuc-20220707210008-35067549,S3,0,sales,dev
arn:aws:backup:us-east-1:744878436330:recovery-point:sparcbucket1-20220707211011-b179b71d,S3,0,HR,staging
arn:aws:backup:us-east-1:744878436330:recovery-point:sparcuserbuc-20220707230736-bf8c699b,S3,0,sales,dev
arn:aws:backup:us-east-1:744878436330:recovery-point:sparcbucket1-20220707212414-ddcd47e9,S3,0,HR,dev
arn:aws:ec2:us-east-1::image/ami-0715267255f0f4c68,EC2,8589934592,sales,prod
arn:aws:ec2:us-east-1::image/ami-049accb8a6f2cf4f1,EC2,10737418240,HR,dev
arn:aws:ec2:us-east-1::image/ami-098109eb68762881d,EC2,8589934592,marketing,staging
arn:aws:ec2:us-east-1::image/ami-0258947a6df15de8b,EC2,8589934592,marketing,staging
arn:aws:ec2:us-east-1::image/ami-0b648bbde3f5bbbfe,EC2,8589934592,sales,prod
arn:aws:ec2:us-east-1::image/ami-09638100d6e74377f,EC2,10737418240,HR,dev
arn:aws:ec2:us-east-1::image/ami-0f28ac6da65b8cd37,EC2,8589934592,sales,prod
arn:aws:ec2:us-east-1::image/ami-0643ec1e6ab48b5c0,EC2,8589934592,sales,prod
arn:aws:backup:us-east-1:744878436330:recovery-point:sparcuserbuc-20220707221222-4aa2878b,S3,0,sales,dev
arn:aws:ec2:us-east-1::image/ami-0b05b9206c511b851,EC2,8589934592,sales,prod
arn:aws:backup:us-east-1:744878436330:recovery-point:sparcuserbuc-20220707211758-33fa984d,S3,0,sales,dev
arn:aws:ec2:us-east-1::image/ami-084407e657bf470df,EC2,8589934592,sales,prod
arn:aws:ec2:us-east-1::image/ami-0ef1d45749545e457,EC2,8589934592,marketing,staging
arn:aws:backup:us-east-1:744878436330:recovery-point:sparcbucket1-20220707181025-34b34f45,S3,0,HR,staging
arn:aws:ec2:us-east-1::image/ami-0455cd61851765b50,EC2,8589934592,marketing,staging
arn:aws:ec2:us-east-1::image/ami-05e3e675857586e7c,EC2,8589934592,sales,prod
arn:aws:ec2:us-east-1::image/ami-0645d89a0348fb48b,EC2,8589934592,sales,prod
arn:aws:backup:us-east-1:744878436330:recovery-point:sparcuserbuc-20220707200850-6368ee5c,S3,0,sales,dev
arn:aws:backup:us-east-1:744878436330:recovery-point:sparcuserbuc-20220707191013-cdae9f08,S3,0,sales,dev
arn:aws:ec2:us-east-1::image/ami-0fcf1b410b3739984,EC2,8589934592,sales,prod
arn:aws:ec2:us-east-1::image/ami-08cf795d600b8b981,EC2,8589934592,sales,prod
arn:aws:ec2:us-east-1::image/ami-0d45638f99837c844,EC2,8589934592,sales,prod
arn:aws:backup:us-east-1:744878436330:recovery-point:sparcuserbuc-20220707181129-178e0706,S3,0,sales,dev
arn:aws:ec2:us-east-1::image/ami-089e78f797999d743,EC2,8589934592,sales,prod
arn:aws:backup:us-east-1:744878436330:recovery-point:sparcuserbuc-20220707171322-64153f7b,S3,0,sales,dev
arn:aws:backup:us-east-1:744878436330:recovery-point:sparcbucket1-20220707150456-6fbff0a5,S3,0,HR,staging
arn:aws:ec2:us-east-1::image/ami-062f40948de0735b7,EC2,8589934592,sales,prod
arn:aws:ec2:us-east-1::image/ami-063f138d0572178b6,EC2,8589934592,marketing,staging
arn:aws:backup:us-east-1:744878436330:recovery-point:sparcuserbuc-20220707150549-d99c8ac5,S3,0,sales,dev
arn:aws:ec2:us-east-1::image/ami-087334dc9aa561fb0,EC2,8589934592,marketing,staging
arn:aws:ec2:us-east-1::image/ami-0fe2bc2caa6a1542a,EC2,10737418240,HR,dev
arn:aws:ec2:us-east-1::image/ami-013bef86f00cbdf5b,EC2,8589934592,sales,prod
arn:aws:backup:us-east-1:744878436330:recovery-point:sparcbucket1-20220707152728-48de75b7,S3,0,HR,dev
arn:aws:ec2:us-east-1::image/ami-0215641f9ed6d43a1,EC2,10737418240,HR,dev
arn:aws:backup:us-east-1:744878436330:recovery-point:sparcuserbuc-20220707161326-4fd4cd71,S3,0,sales,dev
arn:aws:ec2:us-east-1::image/ami-0258283f37bcfab6a,EC2,8589934592,sales,prod
arn:aws:ec2:us-east-1::image/ami-06b56ad39afb18eca,EC2,8589934592,sales,prod
arn:aws:ec2:us-east-1::image/ami-0726db03b26c0a457,EC2,8589934592,sales,prod
arn:aws:backup:us-east-1:744878436330:recovery-point:sparcuserbuc-20220707151702-7c339e45,S3,0,sales,dev
arn:aws:ec2:us-east-1::image/ami-0c43a8f5bd0029d1b,EC2,8589934592,sales,prod
arn:aws:backup:us-east-1:744878436330:recovery-point:sparcbucket1-20220707120747-8dfe2b7d,S3,0,HR,staging
arn:aws:ec2:us-east-1::image/ami-0e3b82a6c4191936c,EC2,8589934592,marketing,staging
arn:aws:ec2:us-east-1::image/ami-05a61c9ac8efd6a63,EC2,8589934592,sales,prod
arn:aws:backup:us-east-1:744878436330:recovery-point:sparcuserbuc-20220707140956-ede9d3ae,S3,0,sales,dev
arn:aws:ec2:us-east-1::image/ami-00f9bcd4590f56883,EC2,8589934592,marketing,staging
arn:aws:ec2:us-east-1::image/ami-0a0d11805f780d61e,EC2,8589934592,sales,prod
arn:aws:ec2:us-east-1::image/ami-00a9f9f3e903af1ba,EC2,8589934592,sales,prod
arn:aws:backup:us-east-1:744878436330:recovery-point:sparcuserbuc-20220707130658-bda889df,S3,0,sales,dev
arn:aws:ec2:us-east-1::image/ami-03bf269a37ab331d3,EC2,8589934592,sales,prod
arn:aws:ec2:us-east-1::image/ami-0098f4fc93daa3a0f,EC2,8589934592,sales,prod
arn:aws:ec2:us-east-1::image/ami-00a0868a8ddd72a7e,EC2,8589934592,sales,prod
arn:aws:backup:us-east-1:744878436330:recovery-point:sparcuserbuc-20220707120852-eac5f7b6,S3,0,sales,dev
arn:aws:ec2:us-east-1::image/ami-0f5f765c9bc796e2d,EC2,8589934592,sales,prod
arn:aws:ec2:us-east-1::image/ami-0f310049e2bd9ed14,EC2,8589934592,marketing,staging
arn:aws:backup:us-east-1:744878436330:recovery-point:sparcbucket1-20220707090809-753d9ee6,S3,0,HR,staging
arn:aws:ec2:us-east-1::image/ami-065329aae81620cca,EC2,8589934592,marketing,staging
arn:aws:backup:us-east-1:744878436330:recovery-point:sparcbucket1-20220707092428-2070e777,S3,0,HR,dev
arn:aws:backup:us-east-1:744878436330:recovery-point:sparcuserbuc-20220707090050-66c45771,S3,0,sales,dev
arn:aws:backup:us-east-1:744878436330:recovery-point:sparcuserbuc-20220707110839-e2f08c4f,S3,0,sales,dev
arn:aws:ec2:us-east-1::image/ami-0c63374b2ab17a7be,EC2,10737418240,HR,dev
arn:aws:ec2:us-east-1::image/ami-0379dd715f80e8185,EC2,10737418240,HR,dev
arn:aws:ec2:us-east-1::image/ami-01cad436e3ddec9a6,EC2,8589934592,sales,prod
arn:aws:ec2:us-east-1::image/ami-0366c296bbffc9fd5,EC2,8589934592,sales,prod
arn:aws:backup:us-east-1:744878436330:recovery-point:sparcuserbuc-20220707101226-130c5718,S3,0,sales,dev
arn:aws:ec2:us-east-1::image/ami-089ba41f6c67a2513,EC2,8589934592,sales,prod
arn:aws:ec2:us-east-1::image/ami-0169286755b0244b7,EC2,8589934592,marketing,staging
arn:aws:backup:us-east-1:744878436330:recovery-point:sparcbucket1-20220707060548-2b2fda14,S3,0,HR,staging
arn:aws:ec2:us-east-1::image/ami-0b8af175c0dfd2f40,EC2,8589934592,marketing,staging
arn:aws:ec2:us-east-1::image/ami-00c3d5814d53c7c39,EC2,8589934592,marketing,staging
arn:aws:ec2:us-east-1::image/ami-09b63bc177a9ed3a9,EC2,10737418240,HR,dev
arn:aws:backup:us-east-1:744878436330:recovery-point:sparcbucket1-20220707031032-dbfefa1d,S3,0,HR,staging
arn:aws:backup:us-east-1:744878436330:recovery-point:sparcbucket1-20220707032513-2d4e218d,S3,0,HR,dev
arn:aws:backup:us-east-1:744878436330:recovery-point:sparcuserbuc-20220707030000-93aef31e,S3,0,sales,dev
arn:aws:ec2:us-east-1::image/ami-00c397d514576826f,EC2,10737418240,HR,dev
arn:aws:ec2:us-east-1::image/ami-02e1fe1ff4d07a5ba,EC2,8589934592,marketing,staging
arn:aws:ec2:us-east-1::image/ami-07911b9486010d897,EC2,8589934592,sales,prod
arn:aws:ec2:us-east-1::image/ami-0fb47578769ca0fee,EC2,8589934592,sales,prod
arn:aws:backup:us-east-1:744878436330:recovery-point:sparcuserbuc-20220707041002-bb086489,S3,0,sales,dev
arn:aws:backup:us-east-1:744878436330:recovery-point:sparcuserbuc-20220707031352-f155cb33,S3,0,sales,dev
arn:aws:ec2:us-east-1::image/ami-04681946351a8f64e,EC2,8589934592,sales,prod
arn:aws:ec2:us-east-1::image/ami-0029170c0ca6b8e5a,EC2,8589934592,sales,prod
arn:aws:backup:us-east-1:744878436330:recovery-point:sparcuserbuc-20220707021225-c2f8345d,S3,0,sales,dev
arn:aws:backup:us-east-1:744878436330:recovery-point:sparcbucket1-20220707000607-bab92be1,S3,0,HR,staging
arn:aws:ec2:us-east-1::image/ami-0719871d6f07f4b7a,EC2,8589934592,marketing,staging
arn:aws:ec2:us-east-1::image/ami-0427cadbad4c17487,EC2,8589934592,marketing,staging
arn:aws:ec2:us-east-1::image/ami-081e32079ed9da937,EC2,8589934592,sales,prod
arn:aws:ec2:us-east-1::image/ami-0a93bc7e33c5edb68,EC2,8589934592,sales,prod
arn:aws:ec2:us-east-1::image/ami-008f522d44f2adc31,EC2,8589934592,sales,prod
arn:aws:ec2:us-east-1::image/ami-0a6e12ea623701258,EC2,8589934592,sales,prod
arn:aws:backup:us-east-1:744878436330:recovery-point:sparcuserbuc-20220707011112-9ebb97e2,S3,0,sales,dev
arn:aws:ec2:us-east-1::image/ami-01427ff3475a12d6b,EC2,8589934592,sales,prod
arn:aws:backup:us-east-1:744878436330:recovery-point:sparcuserbuc-20220707001336-7ea4d57d,S3,0,sales,dev
arn:aws:ec2:us-east-1::image/ami-0b41675dfcae64386,EC2,8589934592,sales,prod
arn:aws:ec2:us-east-1::image/ami-04d80e1f17a74f362,EC2,8589934592,sales,prod
arn:aws:backup:us-east-1:744878436330:recovery-point:sparcbucket1-20220706212701-bce3b56b,S3,0,HR,dev
arn:aws:backup:us-east-1:744878436330:recovery-point:sparcuserbuc-20220706210005-2024d790,S3,0,sales,dev
arn:aws:ec2:us-east-1::image/ami-09ed25854f1c69068,EC2,10737418240,HR,dev
arn:aws:ec2:us-east-1::image/ami-0f20556a3446fb1ea,EC2,10737418240,HR,dev
arn:aws:ec2:us-east-1::image/ami-01633f42e488a9354,EC2,8589934592,marketing,staging
arn:aws:ec2:us-east-1::image/ami-033554fc5aea41eec,EC2,8589934592,marketing,staging
arn:aws:backup:us-east-1:744878436330:recovery-point:sparcuserbuc-20220706230937-27400b1f,S3,0,sales,dev
arn:aws:ec2:us-east-1::image/ami-0bf688c8532e36d82,EC2,8589934592,sales,prod
arn:aws:backup:us-east-1:744878436330:recovery-point:sparcbucket1-20220706210604-2b0966d0,S3,0,HR,staging
arn:aws:ec2:us-east-1::image/ami-0c854cfacec258ed0,EC2,8589934592,sales,prod
arn:aws:ec2:us-east-1::image/ami-0ec87b9f3425aacdf,EC2,8589934592,sales,prod
arn:aws:backup:us-east-1:744878436330:recovery-point:sparcuserbuc-20220706221058-6ca01043,S3,0,sales,dev
arn:aws:ec2:us-east-1::image/ami-09d1605f38ceb2fd5,EC2,8589934592,sales,prod
arn:aws:backup:us-east-1:744878436330:recovery-point:sparcuserbuc-20220706210747-46df0cf7,S3,0,sales,dev
arn:aws:ec2:us-east-1::image/ami-0380be97362f110e1,EC2,8589934592,sales,prod
arn:aws:ec2:us-east-1::image/ami-03a2d126261fc74ab,EC2,8589934592,sales,prod
arn:aws:backup:us-east-1:744878436330:recovery-point:sparcuserbuc-20220706200802-f851e2a6,S3,0,sales,dev
arn:aws:ec2:us-east-1::image/ami-09bc9c1d6dc178bb5,EC2,8589934592,sales,prod
arn:aws:backup:us-east-1:744878436330:recovery-point:sparcbucket1-20220706181053-5baa1818,S3,0,HR,staging
arn:aws:ec2:us-east-1::image/ami-0eac6aad3f321ebae,EC2,8589934592,marketing,staging
arn:aws:ec2:us-east-1::image/ami-0eb382c431b1473a8,EC2,8589934592,marketing,staging
arn:aws:backup:us-east-1:744878436330:recovery-point:sparcuserbuc-20220706190550-c68248dd,S3,0,sales,dev
arn:aws:ec2:us-east-1::image/ami-02f6558eedb5f43b5,EC2,8589934592,sales,prod
arn:aws:ec2:us-east-1::image/ami-07a00e7e7dc1d972d,EC2,8589934592,sales,prod
arn:aws:ec2:us-east-1::image/ami-0b9eb917519f6d964,EC2,8589934592,sales,prod
arn:aws:ec2:us-east-1::image/ami-0128738bb84d23824,EC2,8589934592,sales,prod
arn:aws:backup:us-east-1:744878436330:recovery-point:sparcuserbuc-20220706180627-9203fdfb,S3,0,sales,dev
arn:aws:ec2:us-east-1::image/ami-07e7cacaa0110f58f,EC2,8589934592,sales,prod
arn:aws:backup:us-east-1:744878436330:recovery-point:sparcbucket1-20220706152839-b0feb23e,S3,0,HR,dev
arn:aws:backup:us-east-1:744878436330:recovery-point:sparcuserbuc-20220706150432-55a6fc41,S3,0,sales,dev
arn:aws:backup:us-east-1:744878436330:recovery-point:sparcbucket1-20220706151000-6b049dfe,S3,0,HR,staging
arn:aws:ec2:us-east-1::image/ami-0fac6189783f86c1a,EC2,10737418240,HR,dev
arn:aws:backup:us-east-1:744878436330:recovery-point:sparcuserbuc-20220706170911-1652c8ad,S3,0,sales,dev
arn:aws:ec2:us-east-1::image/ami-034e2ab9b015c3aa7,EC2,8589934592,sales,prod
arn:aws:ec2:us-east-1::image/ami-06f0733d46abab0fa,EC2,8589934592,marketing,staging
arn:aws:ec2:us-east-1::image/ami-0f2f069badb881e7b,EC2,8589934592,marketing,staging
arn:aws:ec2:us-east-1::image/ami-00445822e52299d03,EC2,10737418240,HR,dev
arn:aws:backup:us-east-1:744878436330:recovery-point:sparcuserbuc-20220706160551-9e0b6ea6,S3,0,sales,dev
arn:aws:ec2:us-east-1::image/ami-09c15f325c07e5931,EC2,8589934592,sales,prod
arn:aws:ec2:us-east-1::image/ami-01aade9b5d7dd0e51,EC2,8589934592,sales,prod
arn:aws:ec2:us-east-1::image/ami-0a9723f5832e516d9,EC2,8589934592,sales,prod
arn:aws:backup:us-east-1:744878436330:recovery-point:sparcuserbuc-20220706151851-d5a86ae0,S3,0,sales,dev
arn:aws:ec2:us-east-1::image/ami-07091b30b27ec0039,EC2,8589934592,sales,prod
arn:aws:backup:us-east-1:744878436330:recovery-point:sparcuserbuc-20220706140631-20e3370c,S3,0,sales,dev
arn:aws:ec2:us-east-1::image/ami-0991d47a074841f5e,EC2,8589934592,marketing,staging
arn:aws:backup:us-east-1:744878436330:recovery-point:sparcbucket1-20220706120742-ef9a9efb,S3,0,HR,staging
arn:aws:ec2:us-east-1::image/ami-0e1a368860b2285e1,EC2,8589934592,sales,prod
arn:aws:ec2:us-east-1::image/ami-07801d199372a91bf,EC2,8589934592,marketing,staging
arn:aws:ec2:us-east-1::image/ami-02dff22d3a5fed36a,EC2,8589934592,sales,prod
arn:aws:ec2:us-east-1::image/ami-08b20d863c65145f0,EC2,8589934592,sales,prod
arn:aws:backup:us-east-1:744878436330:recovery-point:sparcuserbuc-20220706131336-a80e5f26,S3,0,sales,dev
arn:aws:ec2:us-east-1::image/ami-07b8ca9b42a933cf0,EC2,8589934592,sales,prod
arn:aws:ec2:us-east-1::image/ami-073b4e5ede428e271,EC2,8589934592,sales,prod
